source,text,created_at,retweet_count,favorite_count,is_retweet,id_str
Twitter for iPhone,RT @VP: Earlier this year President @realDonaldTrump declared the border crisis a national emergency and today Mexico is doing more to secu…,07/12/2019 22:14,11433,0,true,1.1498E+18
Twitter for iPhone,....companies to come to the USA and to get companies that have left us for other lands to COME BACK HOME. We  stupidly lost 30% of our auto business to Mexico. If the Tariffs went on at the higher level they would all come back and fast. But very happy with the deal I made...,07/12/2019 12:48,9842,49450,false,1.14966E+18
Twitter for iPhone,.....if Mexico produces (which I think they will). Biggest part of deal with Mexico has not yet been revealed! China is similar except they devalue currency &amp; subsidize companies to lessen effect of 25% Tariffs. So far little effect to consumers. Companies will relocate to U.S.,07/12/2019 12:48,10001,50049,false,1.14966E+18
Twitter for iPhone,RT @PAChamber: Trade with Canada and Mexico supports more than 12 million American jobs in every state in the Union. In fact 49 U.S. state…,07/12/2019 03:26,4308,0,true,1.14952E+18
Twitter for iPhone,Mexico is doing great at the Border but China is letting us down in that they have not been buying the agricultural products from our great Farmers that they said they would. Hopefully they will start soon!,07/11/2019 14:04,11612,48964,false,1.14932E+18
Twitter for iPhone,Mexico is doing a far better job than the Democrats on the Border. Thank you Mexico!,07/03/2019 20:23,24713,121023,false,1.14651E+18
Twitter for iPhone,Bipartisan Humanitarian Aid Bill for the Southern Border just passed. A great job done by all! Now we must work to get rid of the Loopholes and fix Asylum. Thank you also to Mexico for the work being done on helping with Illegal Immigration - a very big difference!,06-27-2019 22:22:39,25170,109712,false,1.14437E+18
Twitter for iPhone,RT @mike_pence: What Americans hear tomorrow night will only confirm that Mexico has done more in the last 10 DAYS to secure the southern b…,06-26-2019 10:47:32,4961,0,true,1.14383E+18
Twitter for iPhone,RT @VP: Mexico is keeping its promise &amp; now sending 15000 troops to border to help with crisis. Meanwhile Dems won’t fund beds for migrant…,06-25-2019 11:58:45,11878,0,true,1.14349E+18
Twitter for iPhone,RT @VP: Mexico has done more to secure our border in 10 days than Democrats in Congress have in 10 YEARS. The time to put Americans first i…,06-24-2019 11:03:06,13110,0,true,1.14311E+18
Twitter for iPhone,I want to give the Democrats every last chance to quickly negotiate simple changes to Asylum and Loopholes. This will fix the Southern Border together with the help that Mexico is now giving us. Probably won’t happen but worth a try. Two weeks and big Deportation begins!,06-23-2019 12:13:26,24276,106796,false,1.14277E+18
Twitter for iPhone,Congratulations to President Lopez Obrador — Mexico voted to ratify the USMCA today by a huge margin. Time for Congress to do the same here!,06-19-2019 23:01:59,22674,99012,false,1.14148E+18
Twitter for iPhone,Next week ICE will begin the process of removing the millions of illegal aliens who have illicitly found their way into the United States. They will be removed as fast as they come in. Mexico using their strong immigration laws is doing a very good job of stopping people.......,06-18-2019 01:20:39,37105,154390,false,1.14079E+18
Twitter for iPhone,RT @LindseyGrahamSC: Very glad to see Mexico working with President @realDonaldTrump to up their game and deal with immigration from Centra…,06-17-2019 01:51:16,10975,0,true,1.14044E+18
Twitter for iPhone,....If Mexico produces (which I think they will). Biggest part of deal with Mexico has not yet been revealed! China is similar except they devalue currency and subsidize companies to lessen effect of 25% Tariff. So far little effect to consumer. Companies will relocate to U.S.,06/11/2019 13:14,13020,67854,false,1.13843E+18
Twitter for iPhone,...Companies to come to the U.S.A and to get companies that have left us for other lands to come back home. We stupidly lost 30% of our auto business to Mexico. If the Tariffs went on at the higher level they would all come back and pass. But very happy with the deal I made...,06/11/2019 13:12,12665,68164,false,1.13843E+18
Twitter for iPhone,Sad when you think about it but Mexico right now is doing more for the United States at the Border than the Democrats in Congress! @foxandfriends,06/11/2019 11:54,19184,75017,false,1.13841E+18
Twitter for iPhone,RT @VP: .@POTUS’ strong stand got Mexico to do things they have never done before: 6000 National Guard at their southern border immigrati…,06/10/2019 15:36,13455,0,true,1.13811E+18
Twitter for iPhone,When will the Failing New York Times admit that their front page story on the  the new Mexico deal at the Border is a FRAUD and nothing more than a badly reported “hit job” on me something that has been going on since the first day I announced for the presidency! Sick Journalism,06/10/2019 11:09,21991,87340,false,1.13804E+18
Twitter for iPhone,We have fully signed and documented another very important part of the Immigration and Security deal with Mexico one that the U.S. has been asking about getting for many years. It will be revealed in the not too distant future and will need a vote by Mexico’s Legislative body!..,06/10/2019 10:31,21901,103980,false,1.13803E+18
Twitter for iPhone,RT @realDonaldTrump: The Failing @nytimes story on Mexico and Illegal Immigration through our Southern Border has now been proven shockingl…,06/10/2019 10:02,19489,0,true,1.13802E+18
Twitter for iPhone,Now with our new deal Mexico is doing more for the USA on Illegal Immigration than the Democrats. In fact the Democrats are doing NOTHING they want Open Borderswhich means Illigal Immigration Drugs and Crime.,06/10/2019 10:00,18831,73581,false,1.13802E+18
Twitter for iPhone,RT @larryelder: The Trump-hating media/dems now face a YUGE dilemma--how NOT to give @realDonaldTrump credit.#MexicoCavesAfterTariffThrea…,06/09/2019 23:51,10599,0,true,1.13787E+18
Twitter for iPhone,RT @charliekirk11: It’s amazing to see Democrats within a span of 2 days go from being against Trump’s tariffs on Mexico to now being again…,06/09/2019 23:29,17177,0,true,1.13786E+18
Twitter for iPhone,The Failing @nytimes story on Mexico and Illegal Immigration through our Southern Border has now been proven shockingly false and untrue bad reporting and the paper is embarrassed by it. The only problem is that they knew it was Fake News before it went out. Corrupt Media!,06/09/2019 22:57,19489,71823,false,1.13786E+18
Twitter for iPhone,Another false report in the Failing  @nytimes. We have been trying to get some of these Border Actions for a long time as have other administrations but were not able to get them or get them in full until our signed agreement with Mexico. Additionally and for many years....,06/09/2019 12:26,20738,90975,false,1.1377E+18
Twitter for iPhone,.....Mexico was not being cooperative on the Border in things we had or didn’t have and now I have full confidence especially after speaking to their President yesterday that they will be very cooperative and want to get the job properly done. Importantly some things.....,06/09/2019 12:26,6476,22464,false,1.1377E+18
Twitter for iPhone,.....not mentioned in yesterday press release one in particular were agreed upon. That will be announced at the appropriate time. There is now going to be great cooperation between Mexico &amp; the USA something that didn’t exist for decades. However if for some unknown reason...,06/09/2019 12:26,15653,75058,false,1.1377E+18
Twitter for iPhone,RT @realDonaldTrump: I am pleased to inform you that The United States of America has reached a signed agreement with Mexico. The Tariffs s…,06/09/2019 04:10,55901,0,true,1.13757E+18
Twitter for iPhone,RT @realDonaldTrump: ....stem the tide of Migration through Mexico and to our Southern Border. This is being done to greatly reduce or el…,06/09/2019 04:10,38095,0,true,1.13757E+18
Twitter for iPhone,RT @realDonaldTrump: MEXICO HAS AGREED TO IMMEDIATELY BEGIN BUYING LARGE QUANTITIES OF AGRICULTURAL PRODUCT FROM OUR GREAT PATRIOT FARMERS!,06/09/2019 04:09,34080,0,true,1.13757E+18
Twitter for iPhone,I would like to thank the President of Mexico Andres Manuel Lopez Obrador and his foreign minister Marcelo Ebrard together with all of the many representatives of both the United States and Mexico for working so long and hard to get our agreement on immigration completed!,06/08/2019 14:20,29037,134416,false,1.13736E+18
Twitter for iPhone,Everyone very excited about the new deal with Mexico!,06/08/2019 13:47,20616,118450,false,1.13736E+18
Twitter for iPhone,MEXICO HAS AGREED TO IMMEDIATELY BEGIN BUYING LARGE QUANTITIES OF AGRICULTURAL PRODUCT FROM OUR GREAT PATRIOT FARMERS!,06/08/2019 12:03,34068,172961,false,1.13733E+18
Twitter for iPhone,Mexico will try very hard and if they do that this will be a very successful agreement for both the United States and Mexico!,06/08/2019 11:02,17182,92057,false,1.13731E+18
Twitter for iPhone,Brandon Judd National Border Patrol Council: “That’s going to be a huge deal because Mexico will be using their strong Immigration Laws - A game changer. People no longer will be released into the U.S.” Also 6000 Mexican Troops at their Southern Border. Currently there are few!,06/08/2019 10:55,16512,66981,false,1.13731E+18
Twitter for iPhone,While the reviews and reporting on our Border Immigration Agreement with Mexico have been very good there has nevertheless been much false reporting (surprise!) by the Fake and Corrupt News Media such as Comcast/NBC CNN @nytimes &amp; @washingtonpost. These “Fakers” are Bad News!,06/08/2019 10:47,15815,61966,false,1.13731E+18
Twitter for iPhone,I am pleased to inform you that The United States of America has reached a signed agreement with Mexico. The Tariffs scheduled to be implemented by the U.S. on Monday against Mexico are hereby indefinitely suspended. Mexico in turn has agreed to take strong measures to....,06/08/2019 00:31,55891,239263,false,1.13716E+18
Twitter for iPhone,....stem the tide of Migration through Mexico and to our Southern Border. This is being done to greatly reduce or eliminate Illegal Immigration coming from Mexico and into the United States. Details of the agreement will be released shortly by the State Department. Thank you!,06/08/2019 00:31,38079,187307,false,1.13716E+18
Twitter for iPhone,I am pleased to inform you that The United States of America has reached a signed agreement with Mexico. The Tariffs scheduled to be implemented by the U.S. on Monday against Mexico are hereby indefinitely suspended. Mexico in turn has agreed to take strong measures to......,06/08/2019 00:25,2659,7515,false,1.13715E+18
Twitter for iPhone,....stem the tide of Migration through Mexico and to our Southern Border. This is being done to greatly reduce or eliminate Illegal Immigration coming from Mexico and into the United States. Details of the agreement will be released shortly be the State Department. Thank you!,06/08/2019 00:25,2319,7508,false,1.13715E+18
Twitter for iPhone,If we are able to make the deal with Mexico &amp; there is a good chance that we will they will begin purchasing Farm &amp; Agricultural products at very high levels starting immediately. If we are unable to make the deal Mexico will begin paying Tariffs at the 5% level on Monday!,06/07/2019 17:16,15387,67643,false,1.13705E+18
Twitter for iPhone,Immigration discussions at the White House with representatives of Mexico have ended for the day. Progress is being made but not nearly enough! Border arrests for May are at 133000 because of Mexico &amp; the Democrats in Congress refusing to budge on immigration reform. Further...,06/05/2019 22:42,22382,95431,false,1.1364E+18
Twitter for iPhone,....talks with Mexico will resume tomorrow with the understanding that if no agreement is reached Tariffs at the 5% level will begin on Monday with monthly increases as per schedule. The higher the Tariffs go the higher the number of companies that will move back to the USA!,06/05/2019 22:42,21028,94444,false,1.1364E+18
Twitter for iPhone,“House Republicans support the President on Tariffs with Mexico all the way &amp; that makes any measure the President takes on the Border totally Veto proof. Why wouldn’t you as Republicans support him when that will allow our President to make a better deal.” Thank you @GOPLeader,06/05/2019 08:20,17252,71555,false,1.13619E+18
Twitter for iPhone,Can you imagine Cryin’ Chuck Schumer saying out loud for all to hear that I am bluffing with respect to putting Tariffs on Mexico. What a Creep. He would rather have our Country fail with drugs &amp; Immigration than give Republicans a win. But he gave Mexico bad advice no bluff!,06/05/2019 00:04,24513,93681,false,1.13606E+18
Twitter for iPhone,As a sign of good faith Mexico should immediately stop the flow of people and drugs through their country and to our Southern Border. They can do it if they want!,06/03/2019 18:11,23064,104600,false,1.13561E+18
Twitter for iPhone,Mexico is sending a big delegation to talk about the Border. Problem is they’ve been “talking” for 25 years. We want action not talk. They could solve the Border Crisis in one day if they so desired. Otherwise our companies and jobs are coming back to the USA!,06/02/2019 18:19,27977,111171,false,1.13525E+18
Twitter for iPhone,People have been saying for years that we should talk to Mexico. The problem is that Mexico is an “abuser” of the United States taking but never giving. It has been this way for decades. Either they stop the invasion of our Country by Drug Dealers Cartels Human Traffickers....,06/02/2019 11:44,24632,116369,false,1.13515E+18
Twitter for iPhone,....U.S. in order to avoid paying the 25% Tariff. Like Mexican companies will move back to the United States once the Tariff reaches the higher levels. They took many of our companies &amp; jobs the foolish Pols let it happen and now they will come back unless Mexico stops the.....,06/01/2019 20:37,14273,72951,false,1.13492E+18
Twitter for iPhone,...travesty that is taking place in allowing millions of people to easily meander through their country and INVADE the U.S. not to mention the Drugs &amp; Human Trafficking pouring in through Mexico. Are the Drug Lords Cartels &amp; Coyotes really running Mexico? We will soon find out!,06/01/2019 20:37,17676,83507,false,1.13492E+18
Twitter for iPhone,Saddened to hear about the loss of John Pinto a Navajo Code Talker in World War II over the Memorial Day Weekend. The Code Talkers are true American HEROES and John never stopped serving his fellow citizens as a longtime New Mexico State Senator. John Rest In Peace!,05-31-2019 18:08:33,15563,71422,false,1.13452E+18
Twitter for iPhone,90% of the Drugs coming into the United States come through Mexico &amp; our Southern Border. 80000 people died last year 1000000 people ruined. This has gone on for many years &amp; nothing has been done about it. We have a 100 Billion Dollar Trade Deficit with Mexico. It’s time!,05-31-2019 14:41:24,29155,109598,false,1.13447E+18
Twitter for iPhone,In order not to pay Tariffs if they start rising companies will leave Mexico which has taken 30% of our Auto Industry and come back home to the USA. Mexico must take back their country from the drug lords and cartels. The Tariff is about stopping drugs as well as illegals!,05-31-2019 14:27:51,23128,93202,false,1.13447E+18
Twitter for iPhone,Mexico has taken advantage of the United States for decades. Because of the Dems our Immigration Laws are BAD. Mexico makes a FORTUNE from the U.S. have for decades they can easily fix this problem. Time for them to finally do what must be done!,05-31-2019 13:30:29,22145,92051,false,1.13445E+18
Twitter for iPhone,On June 10th the United States will impose a 5% Tariff on all goods coming into our Country from Mexico until such time as illegal migrants coming through Mexico and into our Country STOP. The Tariff will gradually increase until the Illegal Immigration problem is remedied..,05-30-2019 23:30:19,39633,162835,false,1.13424E+18
Twitter for iPhone,RT @ChuckGrassley: Thx to Pres Trump/Amb Lighthizer &amp; Canada/Mexico for working to get to this pt Now it’s time for Congress to do its job…,05-22-2019 10:41:53,5825,0,true,1.13115E+18
Twitter for iPhone,...Mexico’s attitude is that people from other countries including Mexico should have the right to flow into the U.S. &amp; that U.S. taxpayers should be responsible for the tremendous costs associated w/this illegal migration. Mexico is wrong and I will soon be giving a response!,05-21-2019 16:16:54,22061,98932,false,1.13087E+18
Twitter for iPhone,I am very disappointed that Mexico is doing virtually nothing to stop illegal immigrants from coming to our Southern Border where everyone knows that because of the Democrats our Immigration Laws are totally flawed &amp; broken...,05-21-2019 16:16:53,24258,109588,false,1.13087E+18
Twitter for iPhone,Starting Monday our great Farmers can begin doing business again with Mexico and Canada. They have both taken the tariff penalties off of your great agricultural product. Please be sure that you are treated fairly. Any complaints should immediately go to  @SecretarySonny Perdue!,05-20-2019 02:29:27,18326,69287,false,1.1303E+18
Twitter for iPhone,....Federal Judges (many more to come) two great new Supreme Court Justices the Mexico City Policy and a whole new &amp; positive attitude about the Right to Life. The Radical Left with late term abortion (and worse) is imploding on this issue. We must stick together and Win....,05-19-2019 03:37:09,18458,87864,false,1.12995E+18
Twitter for iPhone,RT @RealSaavedra: BREAKING: The father of one of the STEM School Highlands Ranch shooters was a *criminal illegal alien from Mexico* who wa…,05/11/2019 12:04,16299,0,true,1.12718E+18
Twitter for iPhone,Congress must change the Immigration Laws now Dems won’t act. Wall is being built - 400 miles by end of next year. Mexico must stop the march to Border! @foxandfriends,05/01/2019 12:06,18078,75373,false,1.12356E+18
Twitter for iPhone,The Coyotes and Drug Cartels are in total control of the Mexico side of the Southern Border. They have labs nearby where they make drugs to sell into the U.S. Mexico one of the most dangerous country’s in the world must eradicate this problem now. Also stop the MARCH to U.S.,04-30-2019 01:17:20,28276,105114,false,1.12303E+18
Twitter for iPhone,Can anyone comprehend what a GREAT job Border Patrol and Law Enforcement is doing on our Southern Border. So far this year they have APPREHENDED 418000 plus illegal immigrants way up from last year. Mexico is doing very little for us. DEMS IN CONGRESS MUST ACT NOW!,04-24-2019 13:34:41,20982,90339,false,1.12104E+18
Twitter for iPhone,Mexico’s Soldiers recently pulled guns on our National Guard Soldiers probably as a diversionary tactic for drug smugglers on the Border. Better not happen again! We are now sending ARMED SOLDIERS to the Border. Mexico is not doing nearly enough in apprehending &amp; returning!,04-24-2019 12:00:46,33900,129824,false,1.12102E+18
Twitter for iPhone,A very big Caravan of over 20000 people started up through Mexico. It has been reduced in size by Mexico but is still coming. Mexico must apprehend the remainder or we will be forced to close that section of the Border &amp; call up the Military. The Coyotes &amp; Cartels have weapons!,04-24-2019 11:25:43,23678,88105,false,1.12101E+18
Twitter for iPhone,I never offered Pardons to Homeland Security Officials never ordered anyone to close our Southern Border (although I have the absolute right to do so and may if Mexico does not apprehend the illegals coming to our Border) and am not “frustrated.” It is all Fake &amp; Corrupt News!,04-13-2019 23:51:55,20901,86472,false,1.11721E+18
Twitter for iPhone,Everybody is now acknowledging that right from the time I announced my run for President I was 100% correct on the Border. Remember the heat I took? Democrats should now get rid of the loopholes. The Border is being fixed. Mexico will not let people through!,04/10/2019 02:22,30480,137296,false,1.1158E+18
Twitter for iPhone,A 9th Circuit Judge just ruled that Mexico is too dangerous for migrants. So unfair to the U.S. OUT OF CONTROL! https://t.co/XF8o3jMDle,04/09/2019 03:10,21208,69348,false,1.11545E+18
Twitter for iPhone,....Mexico must apprehend all illegals and not let them make the long march up to the United States or we will have no other choice than to Close the Border and/or institute Tariffs. Our Country is FULL!,04/08/2019 01:03,25371,112903,false,1.11506E+18
Twitter for iPhone,....it’s powerful common sense Immigration Laws to stop illegals from coming through Mexico into the U.S. and removing them back to their country of origin. Until Mexico cleans up this ridiculous &amp; massive migration we will be focusing on Border Security not Ports of Entry....,04/06/2019 23:36,20261,87325,false,1.11467E+18
Twitter for iPhone,We have redeployed 750 agents at the Southern Border’s specific Ports of Entry in order to help with the large scale surge of illegal migrants trying to make their way into the United States. This will cause traffic &amp; commercial delays until such time as Mexico is able to use....,04/06/2019 23:33,18054,76128,false,1.11467E+18
Twitter for iPhone,....This will supersede USMCA. Likewise I am looking at an economic penalty for the 500 Billion Dollars in illegal DRUGS that are shipped and smuggled through Mexico and across our Southern Border. Over 10000 Americans die each year sooo many families destroyed!,04/05/2019 13:19,15641,65932,false,1.11416E+18
Twitter for iPhone,....However if for any reason Mexico stops apprehending and bringing the illegals back to where they came from the U.S. will be forced to Tariff at 25% all cars made in Mexico and shipped over the Border to us. If that doesn’t work which it will I will close the Border.......,04/05/2019 13:11,18620,84052,false,1.11415E+18
Twitter for iPhone,The Crazed and Dishonest Washington Post again purposely got it wrong. Mexico for the first time in decades is meaningfully apprehending illegals at THEIR Southern Border before the long march up to the U.S. This is great and the way it should be. The big flow will stop.......,04/05/2019 13:04,16437,71103,false,1.11415E+18
Twitter for iPhone,After many years (decades) Mexico is apprehending large numbers of people at their Southern Border mostly from Guatemala Honduras and El Salvador. They have ALL been taking U.S. money for years and doing ABSOLUTELY NOTHING for us just like the Democrats in Congress!,04/02/2019 14:41,25372,103856,false,1.11309E+18
Twitter for iPhone,RT @realDonaldTrump: Mexico must use its very strong immigration laws to stop the many thousands of people trying to get into the USA. Our…,04/01/2019 12:15,32338,0,true,1.11269E+18
Twitter for iPhone,The Democrats are allowing a ridiculous asylum system and major loopholes to remain as a mainstay of our immigration system. Mexico is likewise doing NOTHING a very bad combination for our Country. Homeland Security is being sooo very nice but not for long!,03-31-2019 23:41:52,26973,113153,false,1.1125E+18
Twitter for iPhone,Mexico must use its very strong immigration laws to stop the many thousands of people trying to get into the USA. Our detention areas are maxed out &amp; we will take no more illegals. Next step is to close the Border! This will also help us with stopping the Drug flow from Mexico!,03-30-2019 20:36:30,32334,139280,false,1.11209E+18
Twitter for iPhone,....the Border or large sections of the Border next week. This would be so easy for Mexico to do but they just take our money and “talk.” Besides we lose so much money with them especially when you add in drug trafficking etc.) that the Border closing would be a good thing!,03-29-2019 15:43:46,22750,96039,false,1.11166E+18
Twitter for iPhone,....through their country and our Southern Border. Mexico has for many years made a fortune off of the U.S. far greater than Border Costs. If Mexico doesn’t immediately stop ALL illegal immigration coming into the United States throug our Southern Border I will be CLOSING.....,03-29-2019 15:37:09,28682,126163,false,1.11165E+18
Twitter for iPhone,The DEMOCRATS have given us the weakest immigration laws anywhere in the World. Mexico has the strongest &amp; they make more than $100 Billion a year on the U.S. Therefore CONGRESS MUST CHANGE OUR WEAK IMMIGRATION LAWS NOW &amp; Mexico must stop illegals from entering the U.S....,03-29-2019 15:23:50,26949,109670,false,1.11165E+18
Twitter for iPhone,We have a National Emergency at our Southern Border. The Dems refuse to do what they know is necessary - amend our immigration laws. Would immediately solve the problem! Mexico with the strongest immigration laws in the World refuses to help with illegal immigration &amp; drugs!,03-28-2019 19:51:49,29045,113808,false,1.11136E+18
Twitter for iPhone,Mexico is doing NOTHING to help stop the flow of illegal immigrants to our Country. They are all talk and no action. Likewise Honduras Guatemala and El Salvador have taken our money for years and do Nothing. The Dems don’t care such BAD laws. May close the Southern Border!,03-28-2019 10:24:04,30563,126741,false,1.11121E+18
Twitter for iPhone,....are all coming back to the U.S. So is everyone else. We now have the best Economy in the World the envy of all. Get that big beautiful plant in Ohio open now. Close a plant in China or Mexico where you invested so heavily pre-Trump but not in the U.S.A. Bring jobs home!,03-18-2019 11:45:19,18698,87396,false,1.10761E+18
Twitter for iPhone,RT @WhiteHouse: January 16 2019: 247 illegal migrants rush the border in New Mexico.This is a national emergency. https://t.co/I6tLEQkbnX,03-14-2019 01:12:29,20098,0,true,1.106E+18
Twitter for iPhone,We have just built this powerful Wall in New Mexico. Completed on January 30 2019 – 47 days ahead of schedule! Many miles more now under construction! #FinishTheWall https://t.co/TYkj3KRdOC,02-20-2019 18:56:02,51245,196598,false,1.0983E+18
Twitter for iPhone,Tremendous numbers of people are coming up through Mexico in the hopes of flooding our Southern Border. We have sent additional military. We will build a Human Wall if necessary. If we had a real Wall this would be a non-event!,02/05/2019 14:10,31694,142300,false,1.09279E+18
Twitter for iPhone,With Caravans marching through Mexico and toward our Country Republicans must be prepared to do whatever is necessary for STRONG Border Security. Dems do nothing. If there is no Wall there is no Security. Human Trafficking Drugs and Criminals of all dimensions - KEEP OUT!,02/03/2019 22:03,34810,142603,false,1.09218E+18
Twitter for iPhone,With Caravans marching through Mexico and toward our Country Republicans must be prepared to do whatever is necessary for STRONG Border Security. Dems do nothing. If there is no Wall there is no Security. Human Trafficking Drugs and Criminals of all dimensionns - KEEP OUT!,02/03/2019 21:59,1332,4704,false,1.09218E+18
Twitter for iPhone,Very sadly Murder cases in Mexico in 2018 rose 33% from 2017 to 33341. This is a big contributor to the Humanitarian Crisis taking place on our Southern Border and then spreading throughout our Country. Worse even than Afghanistan. Much caused by DRUGS. Wall is being built!,01-31-2019 17:43:21,21744,90701,false,1.09103E+18
Twitter for iPhone,With Murders up 33% in Mexico a record why wouldn’t any sane person want to build a Wall! Construction has started and will not stop until it is finished. @LouDobbs @foxandfriends,01-31-2019 12:32:16,16595,71953,false,1.09095E+18
Twitter for iPhone,Very sadly Murder cases in Mexico in 2018 rose 33% from 2017 to 33341. This is a big contributor to the Humanitarian Crises taking place on our Southern Border and then spreading throughout our Country. Worse even than Afghanistan. Much caused by DRUGS. Wall is being built!,01-31-2019 12:25:58,12018,49052,false,1.09095E+18
Twitter for iPhone,Four people in Nevada viciously robbed and killed by an illegal immigrant who should not have been in our Country. 26 people killed on the Border in a drug and gang related fight. Two large Caravans from Honduras broke into Mexico and are headed our way. We need a powerful Wall!,01-21-2019 23:37:28,40389,153112,false,1.08749E+18
Twitter for iPhone,If Nancy Pelosi thinks that Walls are “immoral” why isn’t she requesting that we take down all of the existing Walls between the U.S. and Mexico even the new ones just built in San Diego at their very strong urging. Let millions of unchecked “strangers” just flow into the U.S.,01-21-2019 22:08:55,29631,128855,false,1.08747E+18
Twitter for iPhone,Mexico is doing NOTHING to stop the Caravan which is now fully formed and heading to the United States. We stopped the last two - many are still in Mexico but can’t get through our Wall but it takes a lot of Border Agents if there is no Wall. Not easy!,01-19-2019 14:09:37,32692,139239,false,1.08663E+18
Twitter for iPhone,I often said during rallies with little variation that “Mexico will pay for the Wall.” We have just signed a great new Trade Deal with Mexico. It is Billions of Dollars a year better than the very bad NAFTA deal which it replaces. The difference pays for Wall many times over!,01/11/2019 12:05,28752,129907,false,1.0837E+18
Twitter for iPhone,Mexico is paying for the Wall through the new USMCA Trade Deal. Much of the Wall has already been fully renovated or built. We have done a lot of work. $5.6 Billion Dollars that House has approved is very little in comparison to the benefits of National Security. Quick payback!,01/02/2019 13:35,28559,128491,false,1.08046E+18
Twitter for iPhone,MEXICO IS PAYING FOR THE WALL through the many billions of dollars a year that the U.S.A. is saving through the new Trade Deal the USMCA that will replace the horrendous NAFTA Trade Deal which has so badly hurt our Country. Mexico &amp; Canada will also thrive - good for all!,01/01/2019 00:40,23882,104440,false,1.0799E+18
Twitter for iPhone,.....close the Southern Border. Bring our car industry back into the United States where it belongs. Go back to pre-NAFTA before so many of our companies and jobs were so foolishly sent to Mexico. Either we build (finish) the Wall or we close the Border......,12-28-2018 12:49:26,25309,108158,false,1.07863E+18
Twitter for iPhone,....The United States looses soooo much money on Trade with Mexico under NAFTA over 75 Billion Dollars a year (not including Drug Money which would be many times that amount) that I would consider closing the Southern Border a “profit making operation.” We build a Wall or.....,12-28-2018 12:42:12,23736,101103,false,1.07863E+18
Twitter for iPhone,Mexico is paying (indirectly) for the Wall through the new USMCA the replacement for NAFTA! Far more money coming to the U.S. Because of the tremendous dangers at the Border including large scale criminal and drug inflow the United States Military will build the Wall!,12-19-2018 13:43:10,23954,98828,false,1.07539E+18
Twitter for iPhone,I often stated “One way or the other Mexico is going to pay for the Wall.” This has never changed. Our new deal with Mexico (and Canada) the USMCA is so much better than the old very costly &amp; anti-USA NAFTA deal that just by the money we save MEXICO IS PAYING FOR THE WALL!,12-13-2018 12:38:28,27554,117678,false,1.0732E+18
Twitter for iPhone,Despite the large Caravans that WERE forming and heading to our Country people have not been able to get through our newly built Walls makeshift Walls &amp; Fences or Border Patrol Officers &amp; Military. They are now staying in Mexico or going back to their original countries.......,12/11/2018 11:52,20287,93608,false,1.07246E+18
Twitter for iPhone,Just signed one of the most important and largest Trade Deals in U.S. and World History. The United States Mexico and Canada worked so well together in crafting this great document. The terrible NAFTA will soon be gone. The USMCA will be fantastic for all!,11-30-2018 14:45:18,27974,125660,false,1.06852E+18
Twitter for iPhone,Very disappointed with General Motors and their CEO Mary Barra for closing plants in Ohio Michigan and Maryland. Nothing being closed in Mexico &amp; China. The U.S. saved General Motors and this is the THANKS we get! We are now looking at cutting all @GM subsidies including....,11-27-2018 19:05:39,31187,124746,false,1.06749E+18
Twitter for iPhone,....for electric cars. General Motors made a big China bet years ago when they built plants there (and in Mexico) - don’t think that bet is going to pay off. I am here to protect America’s Workers!,11-27-2018 19:05:39,24945,109307,false,1.06749E+18
Twitter for iPhone,Mexico should move the flag waving Migrants many of whom are stone cold criminals back to their countries. Do it by plane do it by bus do it anyway you want but they are NOT coming into the U.S.A. We will close the Border permanently if need be. Congress fund the WALL!,11-26-2018 11:19:41,45629,174087,false,1.06702E+18
Twitter for iPhone,Would be very SMART if Mexico would stop the Caravans long before they get to our Southern Border or if originating countries would not let them form (it is a way they get certain people out of their country and dump in U.S. No longer). Dems created this problem. No crossings!,11-25-2018 13:28:30,30904,128893,false,1.06669E+18
Twitter for iPhone,....All will stay in Mexico. If for any reason it becomes necessary we will CLOSE our Southern Border. There is no way that the United States will after decades of abuse put up with this costly and dangerous situation anymore!,11-24-2018 23:56:27,34401,145270,false,1.06648E+18
Twitter for iPhone,The Mayor of Tijuana Mexico just stated that “the City is ill-prepared to handle this many migrants the backlog could last 6 months.” Likewise the U.S. is ill-prepared for this invasion and will not stand for it. They are causing crime and big problems in Mexico. Go home!,11-18-2018 18:42:59,31813,113279,false,1.06423E+18
Twitter for iPhone,The Caravans are made up of some very tough fighters and people. Fought back hard and viciously against Mexico at Northern Border before breaking through. Mexican soldiers hurt were unable or unwilling to stop Caravan. Should stop them before they reach our Border but won’t!,10-31-2018 12:38:01,19498,71923,false,1.05761E+18
Twitter for iPhone,Sadly it looks like Mexico’s Police and Military are unable to stop the Caravan heading to the Southern Border of the United States. Criminals and unknown Middle Easterners are mixed in. I have alerted Border Patrol and Military that this is a National Emergy. Must change laws!,10-22-2018 12:37:40,38048,142983,false,1.05435E+18
Twitter for iPhone,Full efforts are being made to stop the onslaught of illegal aliens from crossing our Souther Border. People have to apply for asylum in Mexico first and if they fail to do that the U.S. will turn them away. The courts are asking the U.S. to do things that are not doable!,10-21-2018 19:11:52,28591,111021,false,1.05409E+18
Twitter for iPhone,Thank you Mexico we look forward to working with you! https://t.co/wf7sE0DHFT,10-18-2018 22:51:42,22170,79234,false,1.05306E+18
Twitter for iPhone,....The assault on our country at our Southern Border including the Criminal elements and DRUGS pouring in is far more important to me as President than Trade or the USMCA. Hopefully Mexico will stop this onslaught at their Northern Border. All Democrats fault for weak laws!,10-18-2018 11:45:43,24107,90065,false,1.05289E+18
Twitter for iPhone,....In addition to stopping all payments to these countries which seem to have almost no control over their population I must in the strongest of terms ask Mexico to stop this onslaught - and if unable to do so I will call up the U.S. Military and CLOSE OUR SOUTHERN BORDER!..,10-18-2018 11:35:06,39817,150942,false,1.05289E+18
Twitter for iPhone,I am watching the Democrat Party led (because they want Open Borders and existing weak laws) assault on our country by Guatemala Honduras and El Salvador whose leaders are doing little to stop this large flow of people INCLUDING MANY CRIMINALS from entering Mexico to U.S.....,10-18-2018 11:25:54,23266,85238,false,1.05288E+18
Twitter for iPhone,Just spoke to President-Elect Andres Manuel Lopez Obrador of Mexico. Great call we will work well together!,10/03/2018 14:35,14191,70909,false,1.0475E+18
Twitter for iPhone,Mexico Canada and the United States are a great partnership and will be a very formidable trading force. We will now because of the USMCA work very well together. Great Spirit!,10/03/2018 14:13,14469,69609,false,1.04749E+18
Twitter for iPhone,Thank you to Congressman Tom Reed of New York for your wonderful comments on our great new Trade Deal with Mexico and Canada the USMCA. I have long ago given you my Full Endorsement and for good reason. Keep up the Great Work! @Varneyco,10/03/2018 14:02,9885,47553,false,1.04749E+18
Twitter for iPhone,Great reviews on the new USMCA. Thank you! Mexico and Canada will be wonderful partners in Trade (and more) long into the future.,10/02/2018 15:02,15267,74222,false,1.04714E+18
Twitter for iPhone,Congratulations to Mexico and Canada!,10/01/2018 10:56,19069,103661,false,1.04672E+18
Twitter for iPhone,Late last night our deadline we reached a wonderful new Trade Deal with Canada to be added into the deal already reached with Mexico. The new name will be The United States Mexico Canada Agreement or USMCA. It is a great deal for all three countries solves the many......,10/01/2018 10:30,28659,128871,false,1.04671E+18
Twitter for iPhone,Our new Trade Deal with Mexico focuses on FARMERS GROWTH for our country tearing down TRADE BARRIERS JOBS and having companies continue to POUR BACK INTO OUR COUNTRY. It will be a big hit!,08-29-2018 02:19:58,18883,79471,false,1.03463E+18
Twitter for iPhone,United States-Mexico Trade Agreement: https://t.co/E1AzveYPli https://t.co/ZYbHt1pD8a,08-27-2018 18:11:20,15849,59962,false,1.03414E+18
Twitter for iPhone,A big deal looking good with Mexico!,08-27-2018 13:39:02,22070,113780,false,1.03407E+18
Twitter for iPhone,Our relationship with Mexico is getting closer by the hour. Some really good people within both the new and old government and all working closely together....A big Trade Agreement with Mexico could be happening soon!,08-25-2018 13:22:28,21779,99077,false,1.03334E+18
Twitter for iPhone,Deal with Mexico is coming along nicely. Autoworkers and farmers must be taken care of or there will be no deal. New President of Mexico has been an absolute gentleman. Canada must wait. Their Tariffs and Trade Barriers are far too high. Will tax cars if we can’t make a deal!,08/10/2018 23:12,24781,101159,false,1.02806E+18
Twitter for iPhone,One of the reasons we need Great Border Security is that Mexico’s murder rate in 2017 increased by 27% to 31174 people killed a record! The Democrats want Open Borders. I want Maximum Border Security and respect for ICE and our great Law Enforcement Professionals! @FoxNews,07-31-2018 11:00:41,24687,91904,false,1.02425E+18
Twitter for iPhone,RT @Scavino45: “About 1-in-5 illegal alien adults crossing the United States-Mexico border with toddlers under the age of five are either c…,07-15-2018 13:33:15,11540,0,true,1.01849E+18
Twitter for iPhone,Congratulations to Andres Manuel Lopez Obrador on becoming the next President of Mexico. I look very much forward to working with him. There is much to be done that will benefit both the United States and Mexico!,07/02/2018 03:01,67944,211701,false,1.01362E+18
Twitter for iPhone,80% of Mexico’s Exports come to the United States. They totally rely on us which is fine with me. They do have though very strong Immigration Laws. The U.S. has pathetically weak and ineffective Immigration Laws that the Democrats refuse to help us fix. Will speak to Mexico!,06-22-2018 13:30:54,22846,92429,false,1.01015E+18
Twitter for iPhone,Thank you for all of the compliments on getting the World Cup to come to the U.S.A. Mexico and Canada. I worked hard on this along with a Great Team of talented people. We never fail and it will be a great World Cup! A special thanks to Bob Kraft for excellent advice.,06-15-2018 11:06:28,13446,71995,false,1.00758E+18
Twitter for iPhone,The U.S. together with Mexico and Canada just got the World Cup. Congratulations - a great deal of hard work!,06-13-2018 11:49:16,20013,103412,false,1.00687E+18
Twitter for iPhone,Farmers have not been doing well for 15 years. Mexico Canada China and others have treated them unfairly. By the time I finish trade talks that will change. Big trade barriers against U.S. farmers and other businesses will finally be broken. Massive trade deficits no longer!,06/04/2018 13:47,19743,81839,false,1.00363E+18
Twitter for iPhone,Our Southern Border is under siege. Congress must act now to change our weak and ineffective immigration laws. Must build a Wall. Mexico which has a massive crime problem is doing little to help!,05/04/2018 10:22,19564,81112,false,9.92349E+17
Twitter for iPhone,The U.S. has put together a STRONG bid w/ Canada &amp; Mexico for the 2026 World Cup. It would be a shame if countries that we always support were to lobby against the U.S. bid. Why should we be supporting these countries when they don’t support us (including at the United Nations)?,04-26-2018 23:39:32,22891,99253,false,9.8965E+17
Twitter for iPhone,Mexico whose laws on immigration are very tough must stop people from going through Mexico and into the U.S. We may make this a condition of the new NAFTA Agreement. Our Country cannot accept what is happening! Also we must get Wall funding fast.,04-23-2018 13:51:17,25412,106206,false,9.88415E+17
Twitter for iPhone,The Caravan is largely broken up thanks to the strong immigration laws of Mexico and their willingness to use them so as not to cause a giant scene at our Border. Because of the Trump Administrations actions Border crossings are at a still UNACCEPTABLE 46 year low. Stop drugs!,04/05/2018 11:40,20952,93713,false,9.81859E+17
Twitter for iPhone,Our Border Laws are very weak while those of Mexico &amp; Canada are very strong. Congress must change these Obama era and other laws NOW! The Democrats stand in our way - they want people to pour into our country unchecked....CRIME! We will be taking strong action today.,04/04/2018 11:19,24527,99709,false,9.81491E+17
Twitter for iPhone,The big Caravan of People from Honduras now coming across Mexico and heading to our “Weak Laws” Border had better be stopped before it gets there. Cash cow NAFTA is in play as is foreign aid to Honduras and the countries that allow this to happen. Congress MUST ACT NOW!,04/03/2018 10:49,25533,99245,false,9.81121E+17
Twitter for iPhone,Honduras Mexico and many other countries that the U.S. is very generous to sends many of their people to our country through our WEAK IMMIGRATION POLICIES. Caravans are heading here. Must pass tough laws and build the WALL. Democrats allow open borders drugs and crime!,04/03/2018 00:12,20587,79542,false,9.80961E+17
Twitter for iPhone,As ridiculous as it sounds the laws of our country do not easily allow us to send those crossing our Southern Border back where they came from. A whole big wasted procedure must take place. Mexico &amp; Canada have tough immigration laws whereas ours are an Obama joke. ACT CONGRESS,04/03/2018 00:00,24596,89883,false,9.80958E+17
Twitter for iPhone,Mexico is making a fortune on NAFTA...They have very strong border laws - ours are pathetic. With all of the money they make from the U.S. hopefully they will stop people from coming through their country and into ours at least until Congress changes our immigration laws!,04/02/2018 13:08,19555,77338,false,9.80794E+17
Twitter for iPhone,Mexico has the absolute power not to let these large “Caravans” of people enter their country. They must stop them at their Northern Border which they can do because their border laws work not allow them to pass through into our country which has no effective border laws.....,04/02/2018 11:02,19753,76422,false,9.80762E+17
Twitter for iPhone,Mexico is doing very little if not NOTHING at stopping people from flowing into Mexico through their Southern Border and then into the U.S. They laugh at our dumb immigration laws. They must stop the big drug and people flows or I will stop their cash cow NAFTA. NEED WALL!,04/01/2018 14:25,33429,127184,false,9.80451E+17
Twitter for iPhone,...treat our farmers much better. Highly restrictive. Mexico must do much more on stopping drugs from pouring into the U.S. They have not done what needs to be done. Millions of people addicted and dying.,03/05/2018 11:53,18135,86041,false,9.70628E+17
Twitter for iPhone,We have large trade deficits with Mexico and Canada. NAFTA which is under renegotiation right now has been a bad deal for U.S.A. Massive relocation of companies &amp; jobs. Tariffs on Steel and Aluminum will only come off if new &amp; fair NAFTA agreement is signed. Also Canada must..,03/05/2018 11:47,19316,82196,false,9.70627E+17
Twitter for iPhone,MS-13 gang members are being removed by our Great ICE and Border Patrol Agents by the thousands but these killers come back in from El Salvador and through Mexico like water. El Salvador just takes our money and Mexico must help MORE with this problem. We need The Wall!,02-23-2018 11:28:35,28423,125750,false,9.66998E+17
Twitter for iPhone,Our economy is better than it has been in many decades. Businesses are coming back to America like never before. Chrysler as an example is leaving Mexico and coming back to the USA. Unemployment is nearing record lows. We are on the right track!,01-28-2018 13:18:33,42337,199787,false,9.57604E+17
Twitter for iPhone,We need the Wall for the safety and security of our country. We need the Wall to help stop the massive inflow of drugs from Mexico now rated the number one most dangerous country in the world. If there is no Wall there is no Deal!,01-18-2018 13:16:26,29311,124070,false,9.53979E+17
Twitter for iPhone,....The Wall will be paid for directly or indirectly or through longer term reimbursement by Mexico which has a ridiculous $71 billion dollar trade surplus with the U.S. The $20 billion dollar Wall is “peanuts” compared to what Mexico makes from the U.S. NAFTA is a bad joke!,01-18-2018 11:25:03,28282,112438,false,9.53951E+17
Twitter for iPhone,During the campaign I promised to MAKE AMERICA GREAT AGAIN by bringing businesses and jobs back to our country. I am very proud to see companies like Chrysler moving operations from Mexico to Michigan where there are so many great American workers! https://t.co/hz2q9UTfnF,01-17-2018 23:32:58,24791,99349,false,9.53772E+17
Twitter for iPhone,Yesterday was another big day for jobs and the Stock Market. Chrysler coming back to U.S. (Michigan) from Mexico and many more companies paying out Tax Cut money to employees. If Dems won in November Market would have TANKED! It was headed for disaster.,01-13-2018 14:20:00,548,2182,false,9.52183E+17
Twitter for iPhone,Yesterday was a big day for the stock market. Jobs are coming back to America. Chrysler is coming back to the USA from Mexico and many others will follow. Tax cut money to employees is pouring into our economy with many more companies announcing. American business is hot again!,01-13-2018 13:13:12,24624,117847,false,9.52167E+17
Twitter for iPhone,Chrysler is moving a massive plant from Mexico to Michigan reversing a years long opposite trend. Thank you Chrysler a very wise decision. The voters in Michigan are very happy they voted for Trump/Pence. Plenty of more to follow!,01/12/2018 02:53,26034,115604,false,9.51648E+17
Twitter for iPhone,More great news as a result of historical Tax Cuts and Reform: Fiat Chrysler announces plan to invest more than $1 BILLION in Michigan plant relocating their heavy-truck production from Mexico to Michigan adding 2500 new jobs and paying $2000 bonus to U.S. employees! https://t.co/47azKD0l9B,01/12/2018 02:49,19199,73432,false,9.51647E+17
Twitter for iPhone,God bless the people of Mexico City. We are with you and will be there for you.,09-19-2017 20:05:32,53528,190807,false,9.10233E+17
Twitter for iPhone,Spoke to President of Mexico to give condolences on terrible earthquake. Unable to reach for 3 days b/c of his cell phone reception at site.,09-14-2017 19:18:14,11340,59066,false,9.0841E+17
Twitter for iPhone,We are in the NAFTA (worst trade deal ever made) renegotiation process with Mexico &amp; Canada.Both being very difficultmay have to terminate?,08-27-2017 13:51:35,19214,82758,false,9.01804E+17
Twitter for iPhone,With Mexico being one of the highest crime Nations in the world we must have THE WALL. Mexico will pay for it through reimbursement/other.,08-27-2017 13:44:11,26925,103497,false,9.01803E+17
Twitter for iPhone,New Sugar deal negotiated with Mexico is a very good one for both Mexico and the U.S. Had no deal for many years which hurt U.S. badly.,06-29-2017 12:27:35,17960,83921,false,8.80402E+17
Twitter for iPhone,Mexico was just ranked the second deadliest country in the world after only Syria. Drug trade is largely the cause. We will BUILD THE WALL!,06-22-2017 22:15:39,43956,143033,false,8.78014E+17
Twitter for iPhone,RT @DRUDGE_REPORT: MEXICO 2ND DEADLIEST COUNTRY; TOPS AFGHAN IRAQ... https://t.co/i4FtSpLiHV,05/10/2017 11:21,7297,0,true,8.62266E+17
Twitter for iPhone,Rexnord of Indiana made a deal during the Obama Administration to move to Mexico. Fired their employees. Tax product big that's sold in U.S.,05/07/2017 22:58,10426,44843,false,8.61355E+17
Twitter for iPhone,I received calls from the President of Mexico and the Prime Minister of Canada asking to renegotiate NAFTA rather than terminate. I agreed..,04-27-2017 11:12:12,16005,70086,false,8.57553E+17
Twitter for iPhone,Eventually but at a later date so we can get started early Mexico will be paying in some form for the badly needed border wall.,04-23-2017 15:44:59,15090,64063,false,8.56172E+17
Twitter for Android,Mexico has taken advantage of the U.S. for long enough. Massive trade deficits &amp; little help on the very weak border must change NOW!,01-27-2017 13:19:10,30604,160660,false,8.2497E+17
Twitter for Android,of jobs and companies lost. If Mexico is unwilling to pay for the badly needed wall then it would be better to cancel the upcoming meeting.,01-26-2017 13:55:03,28106,115631,false,8.24617E+17
Twitter for Android,The U.S. has a 60 billion dollar trade deficit with Mexico. It has been a one-sided deal from the beginning of NAFTA with massive numbers...,01-26-2017 13:51:46,25881,106893,false,8.24616E+17
Twitter for Android,Ford said last week that it will expand in Michigan and U.S. instead of building a BILLION dollar plant in Mexico. Thank you Ford &amp; Fiat C!,01/09/2017 14:16,23379,109595,false,8.18461E+17
Twitter for Android,Dishonest media says Mexico won't be paying for the wall if they pay a little later so the wall can be built more quickly. Media is fake!,01/09/2017 04:05,19152,77977,false,8.18308E+17
Twitter for Android,The dishonest media does not report that any money spent on building the Great Wall (for sake of speed) will be paid back by Mexico later!,01/06/2017 11:19,19129,65840,false,8.1733E+17
Twitter for Android,Toyota Motor said will build a new plant in Baja Mexico to build Corolla cars for U.S. NO WAY! Build plant in U.S. or pay big border tax.,01/05/2017 18:14,32121,107842,false,8.17072E+17
Twitter for Android,Thank you to Ford for scrapping a new plant in Mexico and creating 700 new jobs in the U.S. This is just the beginning - much more to follow,01/04/2017 13:19,19529,86542,false,8.16635E+17
Twitter for iPhone,@DanScavino: Ford to scrap Mexico plant invest in Michigan due to Trump policieshttps://t.co/137nUo03Gl,01/03/2017 16:44,15571,52850,false,8.16324E+17
Twitter for Android,Yes it is true - Carlos Slim the great businessman from Mexico called me about getting together for a meeting. We met HE IS A GREAT GUY!,12-20-2016 20:27:57,15663,68359,false,8.11307E+17
Twitter for Android,Rexnord of Indiana is moving to Mexico and rather viciously firing all of its 300 workers. This is happening all over our country. No more!,12/03/2016 03:06,17475,64422,false,8.04885E+17
Twitter for Android,Just got a call from my friend Bill Ford Chairman of Ford who advised me that he will be keeping the Lincoln plant in Kentucky - no Mexico,11-18-2016 02:01:52,49187,166484,false,7.99432E+17
Twitter for iPhone,Beautiful rally in Albuquerque New Mexico this evening - thank you. Get out &amp; VOTE! #DrainTheSwampWatch rally:… https://t.co/K2RSgt2Zh5,10-31-2016 02:52:08,12825,29251,false,7.92922E+17
Twitter for iPhone,Great day in Colorado &amp; Arizona. Will be in Nevada Colorado and New Mexico tomorrow - join me!Tickets:… https://t.co/vMPTsLXsCT,10-30-2016 01:36:25,10770,26717,false,7.92541E+17
Twitter for iPhone,With Luis Mexico and the United States would have made wonderful deals together - where both Mexico and the US would have benefitted.,09/08/2016 18:17,4970,16819,false,7.73948E+17
Twitter for iPhone,Mexico has lost a brilliant finance minister and wonderful man who I know is highly respected by President Peña Nieto.,09/08/2016 18:16,4833,17080,false,7.73948E+17
Twitter for Android,Mexico will pay for the wall!,09/01/2016 10:31,36616,62418,false,7.71294E+17
Twitter for iPhone,Mexico will pay for the wall - 100%!#MakeAmericaGreatAgain #ImWithYouhttps://t.co/pSFuPZz0xP,09/01/2016 04:58,10186,21430,false,7.71211E+17
Twitter for Android,Great trip to Mexico today  - wonderful leadership and high quality people! Look forward to our next meeting.,09/01/2016 00:43,9988,34936,false,7.71146E+17
Twitter for iPhone,Hillary Clinton didn't go to Louisiana and now she didn't go to Mexico. She doesn't have the drive or stamina to MAKE AMERICA GREAT AGAIN!,09/01/2016 00:40,20309,56392,false,7.71146E+17
Twitter for Android,"Former President Vicente Fox who is railing against my visit to Mexico today also invited me when he apologized for using the ""f bomb.""",08-31-2016 13:07:38,10639,29986,false,7.70971E+17
Twitter for iPhone,I have accepted the invitation of President Enrique Pena Nieto of Mexico and look very much forward to meeting him tomorrow.,08-31-2016 02:33:22,20076,54767,false,7.70812E+17
Twitter for iPhone,Vast numbers of manufacturing jobs in Pennsylvania have moved to Mexico and other countries. That will end when I win!,08/02/2016 01:33,8482,27043,false,7.60287E+17
Twitter for Android,"The ""Rust Belt"" was created by politicians like the Clintons who allowed our jobs to be stolen from us by other countries like Mexico. END!",07-30-2016 22:12:36,9004,27400,false,7.59512E+17
Twitter for iPhone,McAllen Texas- 8 miles from U.S. - Mexico border. #Trump2016 Video: https://t.co/pQ4nSTnVrK https://t.co/dKBTP1QjH3,06-16-2016 16:50:00,3648,9294,false,7.43486E+17
Twitter for iPhone,Thank you New Mexico! #Trump2016https://t.co/wNOY8Pc2kM https://t.co/osWzVxNkJx,06/08/2016 03:39,2987,9885,false,7.40388E+17
Twitter for Android,The protesters in New Mexico were thugs who were flying the Mexican flag. The rally inside was big and beautiful but outside criminals!,05-25-2016 13:39:38,12697,34868,false,7.35465E+17
Twitter for Android,Great rally in New Mexico amazing crowd! Now in L.A. Big rally in Anaheim.,05-25-2016 05:12:44,3143,11606,false,7.35338E+17
Twitter for iPhone,Crooked Hillary just can't close the deal with Bernie. It will be the same way with ISIS and China on trade and Mexico at the border. Bad!,05/08/2016 20:15,8967,25501,false,7.29404E+17
Twitter Web Client,We must build a great wall between Mexico and the United States! https://t.co/05SjuRJFbf,04/01/2016 21:49,7324,16074,false,7.1602E+17
Twitter for Android,Ohio is losing jobs to Mexico now losing Ford (and many others). Kasich is weak on illegal immigration. We need strong borders now!,03-15-2016 15:03:34,5446,16359,false,7.09757E+17
Twitter for Android,North Carolina lost 300000 manufacturing jobs and Ohio lost 400000 since 2000. Going to Mexico etc. NO MORE IF I WIN WE WILL BRING BACK!,03-15-2016 13:37:24,6092,13952,false,7.09735E+17
Twitter for Android,Absentee Governor Kasich voted for NAFTA and NAFTA devastated Ohio - a disaster from which it never recovered. Kasich is good for Mexico!,03/12/2016 13:35,5939,13689,false,7.08648E+17
Twitter for Android,FMR PRES of Mexico Vicente Fox horribly used the F word when discussing the wall. He must apologize! If I did that there would be a uproar!,02-25-2016 20:27:15,5058,15954,false,7.02953E+17
Twitter for Android,@AmFree: #Trump On #Ford #Carrier Shipping #Jobs To #Mexico: ‘I’m The Only One Who Understands What’s Going On’ https://t.co/JsuiHpQpXX,02-13-2016 19:24:26,1886,4840,false,6.98589E+17
Twitter for iPhone,Now an additional 600-700 jobs in America (2000) being eliminated for move to Mexico- via Hartford Courant. https://t.co/bOIYQLqGRG,02-13-2016 15:16:43,3432,5702,false,6.98526E+17
Twitter for Android,.@AnnCoulter has been amazing. We will win and establish strong borders we will build a WALL and Mexico will pay. We will be great again!,01-23-2016 14:45:31,2315,6302,false,6.90908E+17
Twitter for Android,"When will the Democrats and Hillary in particular say ""we must build a wall a great wall and Mexico is going to pay for it?"" Never!",12-25-2015 20:45:06,2042,5823,false,6.80489E+17
Twitter for Android,Word is that Ford Motor because of my constant badgering at packed events is going to cancel their deal to go to Mexico and stay in U.S.,10-25-2015 20:36:19,3063,6373,false,6.58382E+17
Twitter for Android,@josemen31: @realDonaldTrump this Mexican here loves you man!! Keep doing your thing #mexicolovestrump  Great!,10-25-2015 18:56:40,754,1655,false,6.58357E+17
Twitter for Android,@mimi_saulino: @seanhannity @FoxNews Syrian Muslims escorted into U.S. through Mexico. Now arriving to Oklahoma and Kansas! Congress?,10-13-2015 03:30:39,1223,1560,false,6.53775E+17
Twitter Web Client,Good luck to the US Men’s National Team in tomorrow’s CONCACAF Cup vs. Mexico!  It should be a great game!  https://t.co/nH31afzjNz,10/09/2015 20:39,871,1822,false,6.52584E+17
Twitter for Android,"@Foshay504: @greta DonaldTrump-Love him! It's time to run America like a business. We've given all our wealth to China n Mexico!! No more!,07-26-2015 02:09:38,354,792,false,625125795195920384",,,,,
Twitter Web Client,Ford is MOVING jobs from Michigan to Mexico AGAIN! http://t.co/TgVQ1458AJ As President this will stop on Day One! Jobs will stay here.,07-14-2015 12:55:59,1328,1980,false,6.2094E+17
Twitter Web Client,Mexico’s totally corrupt gov’t looks horrible with El Chapo’s escape—totally corrupt. U.S. paid them $3 billion.,07-13-2015 16:21:40,2031,2431,false,6.20629E+17
Twitter for Android,"When will people and the media start to apologize to me for my statement ""Mexico is sending...."" which turned out to be true?  El Chapo",07-13-2015 10:59:19,2199,3545,false,6.20548E+17
Twitter for Android,....likewise billions of dollars gets brought into Mexico    through the border. We get the killers drugs &amp; crime they get the money!,07-13-2015 10:53:14,1527,2164,false,6.20547E+17
Twitter for iPhone,Mexico's biggest drug lord escapes from jail. Unbelievable corruption and USA is paying the price.  I told you so!,07/12/2015 21:03,7119,7955,false,6.20338E+17
Twitter for Android,@BonnieKit: Thank you America Ferrara for supporting lawless criminals from Mexico. One more needless death. 2 innocent lives taken,07/03/2015 23:16,379,638,false,6.1711E+17
Twitter for Android,Mexican leaders and negotiators are much tougher and smarter than those of the U.S. Mexico is killing us on jobs and trade. WAKE UP!,07/03/2015 11:09,720,1349,false,6.16927E+17
Twitter Web Client,@RealNinjetta @ErinSiegal @AppSame @Univision http://t.co/QNOuFlufaS  My many MEXICAN friends fly to visit Mexico because UNSAFE border,07/02/2015 18:14,84,187,false,6.16671E+17
Twitter for Android,I love the Mexican people but Mexico is not our friend. They're killing us at the border and they're killing us on jobs and trade. FIGHT!,06-30-2015 12:57:28,4151,4219,false,6.15867E+17
Twitter for Android,We MUST have strong borders and stop illegal immigration. Without that we do not have a country. Also Mexico is killing U.S. on trade. WIN!,06-30-2015 12:35:44,1295,2180,false,6.15861E+17
Twitter for BlackBerry,"Must read article via @fitsnews: ""DONALD TRUMP VERSUS MEXICO"" http://t.co/tdjtvtB6NB",06-27-2015 20:40:55,212,326,false,6.14896E+17
Twitter for BlackBerry,A great article by @NolteNCspelling out the truth on Mexico trade the border &amp; illegals. Thank you @BreitbartNews http://t.co/oJnV2OXcEc,06-27-2015 20:09:25,339,417,false,6.14888E+17
Twitter for Android,The leader and negotiators representing Mexico are far smarter and more cunning than the leader and negotiators representing the U.S.!,06-27-2015 17:20:20,399,680,false,6.14846E+17
Twitter for Android,Only very stupid people think that the United States is making good trade deals with Mexico.Mexico is killing us at the border and at trade!,06-27-2015 17:17:08,584,1046,false,6.14845E+17
Twitter Web Client,.@Univision cares far more about Mexico than it does about the U.S.  Are they controlled by the Mexican government?,06-26-2015 15:13:06,772,1029,false,6.14451E+17
Twitter Web Client,I love Mexico but not the unfair trade deals that the US so stupidly makes with them. Really bad for US jobs only good for Mexico.,06-25-2015 14:27:45,1321,1911,false,6.14078E+17
Twitter Web Client,Univision wants to back out of signed @MissUniverse contract because I exposed the terrible trade deals that the U.S. makes with Mexico.,06-25-2015 14:27:20,1055,1172,false,6.14077E+17
Twitter for Android,Mexico is killing the United States economically because their leaders and negotiators are FAR smarter than ours. But nobody beats Trump!,06-20-2015 01:54:25,1033,1770,false,6.12076E+17
Twitter for Android,I like Mexico and love the spirit of  Mexican people but we must protect our borders from people from all over pouring into the U.S.,06-20-2015 01:15:22,1266,2118,false,6.12066E+17
Twitter Web Client,Via @G_Liberty_Voice by Melody Dareing: “Donald Trump Wants to Build a Wall Between U.S. And Mexico” http://t.co/fpYTPAInv0,06/01/2015 16:45,24,51,false,6.05415E+17
Twitter for Android,@2014_vince: @realDonaldTrump bring jobs back from asia and mexico..vote trump for wage justice,05-27-2015 00:34:10,13,39,false,6.03358E+17
Twitter for Android,"@thehill: Donald Trump on Mexico: I would build a wall like nobody can build a wall"" http://t.co/KSasQjervA http://t.co/sVZoergra9"" True.",05-26-2015 00:18:03,192,358,false,6.02992E+17
Twitter Web Client,My @TheBrodyFile int. from Iowa on how I would build a wall to secure our Southern Border &amp; deduct costs from Mexico http://t.co/G0m5cYcCgk,05-20-2015 20:22:36,25,42,false,6.01121E+17
Twitter for Android,"@FlyOSUBuckeye1:Really hoping you announce a 2016 run soon! @Ford building more factories in Mexico! #EatingOurLunch http://t.co/bGcmnwI7f8,05-06-2015 02:31:34,17,32,false,595777899556380672",,,,,
Twitter for Android,@chingaling3: @realDonaldTrump Praying for you the Mexico situation and your decision to run for President May God guide you,04-27-2015 12:41:15,9,18,false,5.9267E+17
Twitter for Android,@Sebastian_Rey10: “@CNBC: Ford is planning a $2500000000 investment @realDonaldTrump in MEXICO!!!!  The U.S. is getting killed!,04-18-2015 08:46:19,43,51,false,5.89349E+17
Twitter Web Client,ISIS is operating a training camp 8 miles outside our Southern border http://t.co/P8arBncO0A We need a wall. Deduct costs from Mexico!,04-17-2015 13:17:33,223,227,false,5.89055E+17
Twitter Web Client,Mexico’s court system is a dishonest joke. I am owed a lot of money &amp; nothing happens.,04-16-2015 19:41:43,104,137,false,5.88789E+17
Twitter Web Client,Rodolfo Rosas Moya and his pals in Mexico owe me a lot of money. Disgusting &amp; slow Mexico court system. Mexico is not a U.S. friend.,04-16-2015 19:41:26,268,194,false,5.88789E+17
Twitter for Android,@calicombo: @realDonaldTrump @ALEKSMM ford is building a factory in Mexico. Should be in U.S.,04-16-2015 04:01:58,15,32,false,5.88553E+17
Twitter for Android,"@ALEKSMM:  I have a lawsuit in Mexico’s corrupt court system that I won but so far can’t collect. Don’t do business with Mexico!"",04-16-2015 03:55:36,24,34,false,588551286892670976",,,,,
Twitter for Android,@dashing1995: You've said Mexico is not a friend. I agree. USA faces Mexico tomorrow in soccer. @ussoccer could use a shout out from you.,04-15-2015 12:08:34,21,36,false,5.88313E+17
Twitter for Android,"@Josh_Millard16: I'm loving everything DonaldTrump has been saying about the Iranian Nuclear deal China Mexico and the border.Please run,04-01-2015 06:24:59,10,29,false,583153063806046208",,,,,
Twitter for Android,@EJ1469: @realDonaldTrump well half of Mexico will see the event because they are here in the USA,03/06/2015 02:48,12,55,false,5.73676E+17
Twitter for Android,Mexico's court system  corrupt.I want nothing to do with Mexico other than to build an impenetrable WALL and stop them from ripping off U.S.,03/06/2015 00:50,1358,1015,false,5.73647E+17
Twitter Web Client,Because of Rodolfo Rosas Moya who owes me lots of money Mexico will never again host the Miss Universe Pageant.,03/05/2015 22:57,499,554,false,5.73618E+17
Twitter Web Client,Despite Mexico's interest in again hosting the Miss Universe Pageant it will be because of Rodolfo Rosas Moya that it will never happen.,03/05/2015 22:52,135,137,false,5.73617E+17
Twitter Web Client,So many people are angry at my comments on Mexico—but face it—Mexico is totally ripping off the US. Our politicians are dummies!,02-25-2015 15:30:57,665,580,false,5.70607E+17
Twitter for Android,The Mexican legal system is corrupt as is much of Mexico. Pay me the money that is owed me now - and stop sending criminals over our border,02-25-2015 00:47:50,2095,1342,false,5.70385E+17
Twitter Web Client,I have a lawsuit in Mexico’s corrupt court system that I won but so far can’t collect. Don’t do business with Mexico!,02-24-2015 14:54:10,2322,1248,false,5.70235E+17
Twitter Web Client,The Oscars were a great night for Mexico &amp; why not—they are ripping off the US more than almost any other nation.,02-24-2015 14:53:42,1184,637,false,5.70235E+17
Twitter for Android,@PoloMurillo101: @realDonaldTrump we all love you in Mexico Donald! You are our role model!!  Thanks!,11-28-2014 09:50:27,10,16,false,5.38269E+17
Twitter for Android,@seyjohnny: Obama traded 5 low life's from Gitmo for a soldier who was considered a deserter but did nothing for the soldier in Mexico,11/03/2014 01:26,194,240,false,5.29082E+17
Twitter for Android,"@Nardokids:I believe you had a huge part in bringing our soldier out of Mexico. As the Mom of an Airman I thank you for your efforts.Thanks,11-03-2014 01:20:45,29,70,false,529080707839430656",,,,,
Twitter for Android,"@Stay_on_Green: Andrew Tahmooressi has been freed by Mexico. Obama didn't do anything. But I think that @realDonaldTrump did.,11-01-2014 01:15:16,73,108,false,528354554782679040",,,,,
Twitter for Android,"@moose_taz: @foxandfriends @realDonaldTrump 1000% right about Mexico agenda and impossible citizenship process God can't we wake up.,10-27-2014 11:29:38,20,36,false,526697223594467330",,,,,
Twitter for Android,@JAdamsEden: @realDonaldTrump Articulate &amp; concise as ever leave it to Trump to identify the clear &amp; present economic enemy;-MEXICO!,10-27-2014 11:27:26,17,37,false,5.26697E+17
Twitter Web Client,Obama will let Ebola fly into US &amp; drugrunners cross our border daily. But he won't pressure Mexico on Sgt. Tahmooressi. #FreeOurMarine,10-21-2014 19:14:24,531,544,false,5.2464E+17
Twitter for Android,If I were president Sgt. Andrew Tahmooressi would be let out of jail with one phone call. If notMexico would pay a price like never before!,10-18-2014 00:47:32,845,1040,false,5.23274E+17
Twitter Web Client,The fight against ISIS starts at our border. ‘At least’ 10 ISIS have been caught crossing the Mexico border. Build a wall!,10/08/2014 21:26,378,494,false,5.19962E+17
Twitter for Android,Can you believe we still have not gotten our Marine out of Mexico. He sits in prison while our PRESIDENT plays golf and makes bad decisions!,09-26-2014 22:35:57,517,671,false,5.15631E+17
Twitter Web Client,Every day Mexico continues to hold Sgt. Tahmooressi is an insult to our country.,09-16-2014 20:39:34,299,335,false,5.11978E+17
Twitter Web Client,@NewMexicoRoni @realDonaldTrump sadly they of course will blame you for the failure. Idiots.  And I haven't been there in years.,09-16-2014 16:20:04,8,19,false,5.11912E+17
Instagram,Get our Marine out of Mexico. http://t.co/cWPFfbXab7,07-29-2014 17:34:34,148,170,false,4.94174E+17
Twitter for Android,"@LindaBales1: @gretawire: .@realDonaldTrump just said ""Mexico is called the highway to the United States"" #BorderCrisis"""" True!",07-29-2014 08:35:10,24,22,false,4.94038E+17
Twitter Web Client,Sgt.Thamooressi has been held in Mexico for 115 Days. Mexico has zero respect for our border &amp; our servicemen. Boycott!  #freeourmarine,07-24-2014 21:17:37,325,288,false,4.92418E+17
Twitter Web Client,Mexico sent USMC Andrew Tahmooressi back to jail after court hearing. Mexico does not respect our border or U.S. Boycott! #FreeOurMarine,07-15-2014 15:04:35,291,267,false,4.89063E+17
Twitter for Android,"@joella_clements:There is only one person who should be crossing our southern border USMC Sgt Tahmooressi Boycott Mexico? #FreeOurMarine"",07-15-2014 09:21:56,126,152,false,488976750534090752",,,,,
Twitter Web Client,@cwjaccount @MichaelGreen77 @realDonaldTrump  WHY are we sending money to Mexico?  We all know where it will end up. True--a total waste!,07/11/2014 15:09,33,42,false,4.87615E+17
Twitter Web Client,...Mexico cannot believe what they are getting away with and have absolutely no respect for our leader.,07/11/2014 15:04,176,144,false,4.87613E+17
Twitter for Android,If a person is #1 at Harvard and comes from Europe or Asia they can't get into the U.S. From Mexico etc. with a criminal record no problem,07/10/2014 23:15,210,233,false,4.87375E+17
Twitter Web Client,Mexico is allowing many thousands to go thru their country &amp; to our very stupid open door. The Mexicans are laughing at us as buses pass by.,07/10/2014 19:24,448,439,false,4.87316E+17
Twitter Web Client,When will the U.S. stop sending $'s to our enemies i.e. Mexico and others.,07/10/2014 19:24,1461,932,false,4.87316E+17
Twitter Web Client,Our gov’t should immediately stop sending $’s to Mexico no friend until they release Marine &amp; stop allowing immigrant inflow into U.S.,07/10/2014 16:28,433,425,false,4.87272E+17
Twitter for Android,@reginafrye69: @realDonaldTrump Thankyou for supporting our #MarineHeldinMexico #FREEOURMARINE Yes #Obama could do something,07/10/2014 04:08,41,56,false,4.87086E+17
Twitter for Android,@ry_connolly: @realDonaldTrump telling it like it is on Fox News right now Mexico is spitting in Obama's face and he does nothing #legend,07/10/2014 04:08,46,62,false,4.87086E+17
Twitter for Android,@Scalplock: @realDonaldTrump says it. Stop sending money to Mexico until Marine freed. #tcot #PJNET,07/10/2014 04:07,59,64,false,4.87086E+17
Twitter Web Client,There is only one person who should be crossing our southern border USMC Sgt. Tahmooressi. Boycott Mexico? #FreeOurMarine,07/09/2014 13:26,842,628,false,4.86864E+17
Twitter for Android,Boycott Mexico until they release our Marine. With all the money they get from the U.S. this should be an easy one. NO RESPECT!,06-26-2014 08:07:44,283,232,false,4.82073E+17
Twitter for Android,@mfinale1: #Bringbackourmarine let's do this America. BOYCOTT MEXICO @realDonaldTrump http://t.co/UGLsJPa2hB,06-26-2014 01:06:41,461,265,false,4.81967E+17
Twitter for Android,@D The government spends millions to keep bad people to come in via air travel. Now they go through Mexico. Wish DonaldTrump was in charge,06-24-2014 01:52:52,23,51,false,4.81254E+17
Twitter for Android,"Why isn't Mexico releasing our Marine. U.S. should come down really hard on them. They have ZERO respect for our so-called ""leader""",06-20-2014 23:19:58,251,284,false,4.80128E+17
Twitter Web Client,Mexico doesn’t respect our border hourly http://t.co/IyVoUKmQrb Release USMC Tahmooressi NOW! Time for a boycott? #SaveOurMarine,06-19-2014 19:07:59,144,117,false,4.79702E+17
Twitter Web Client,W/ the ransom Obama paid for deserter Bergdhal getting Mexico to release USMC Sgt Andrew Tahmooressi is much harder. #BringBackOurMarine,06-13-2014 17:48:02,243,214,false,4.77508E+17
Twitter Web Client,Jailed USMC Sgt Andrew Tahmooressi should be released immediately. Since when does Mexico care about border security?#BringBackOurMarine,06-13-2014 17:47:00,388,301,false,4.77507E+17
Twitter Web Client,Obama can release 5 senior Taliban for a deserter but can’t make Mexico release decorated Marine Sgt. Andrew Tahmooressi. Pathetic,06/04/2014 16:48,1588,1194,false,4.74231E+17
Twitter for Android,@AleRdzCuevas: @realDonaldTrump you should be the President of MY country Mexico.  I better learn Spanish very fast!,08-14-2013 03:15:22,74,80,false,3.67485E+17
Twitter for Android,@mikeymexico  Thsnk you.,07-24-2013 02:35:13,3,3,false,3.59864E+17
Twitter for Android,@MexicoIndie: @realDonaldTrump if only the world would listen to more of what you have to say everything would be better,07-24-2013 00:59:52,16,23,false,3.5984E+17
Twitter Web Client,Great read by @VDHanson: “Mexico's Hypocrisy Is Evident In Its Own Strict Policy Toward Immigrants” http://t.co/OfmzjKk6x7,07-19-2013 20:06:04,87,65,false,3.58317E+17
Twitter Web Client,China is openly sailing warships in our waters &amp; arming countries in our hemisphere including Mexico http://t.co/XJToExBsJH Ally?,06/10/2013 18:25,164,43,false,3.44158E+17
Twitter for Android,@PaulinaBours: @realDonaldTrump Saludos desde Mexico! I really do admire you  Thank you!,05-30-2013 12:10:49,13,4,false,3.40078E+17
Twitter for Android,@CMHeel: @realDonaldTrump do like Mexico?   Yes but they make a fortune off the U.S.  Their leaders are far better negotiators than ours.,04-27-2013 03:40:23,41,24,false,3.27991E+17
Twitter Web Client,Pageant people are really talking about Venezuela Brazil Mexico USA India Australia.,12-19-2012 17:09:56,414,68,false,2.81446E+17
Twitter Web Client,Putin just sent a Russian nuclear sub to the Gulf of Mexico. @BarackObama can't be bothered he is too concerned with @MittRomney's taxes.,08-22-2012 18:52:05,701,95,false,2.38348E+17
Twitter Web Client,The Amateur! First @BarackObama was caught bowing to the Saudi King but now the President of Mexico!  http://t.co/f0CFiUS9,06-20-2012 19:36:33,139,26,false,2.15529E+17
Twitter Web Client,Congratulations to Miss Mexico Jimena Navarrete our new Miss Universe 2010 and congratulations to everyone for a fantastic show.,08-24-2010 14:07:12,193,32,false,22003109005
